Id,Sample_id,File_name,Default,Type,Severity,Label
1,2024000,DynamicElementNS.java,poltergeist,Class,none,0
2,2024001,BuildLogger.java,poltergeist,Class,none,0
3,2024002,BuildException.java,poltergeist,Class,none,0
4,2024003,DynamicConfiguratorNS.java,poltergeist,Class,none,0
5,2024004,DynamicAttribute.java,poltergeist,Class,none,0
6,2024005,AntTypeDefinition.java,poltergeist,Class,none,0
7,2024006,DynamicConfigurator.java,poltergeist,Class,none,0
8,2024007,DemuxOutputStream.java,poltergeist,Class,none,0
9,2024008,ExitStatusException.java,poltergeist,Class,none,1
10,2024009,SpecialSeq.java,poltergeist,Class,none,0
11,20240010,NoBannerLogger.java,poltergeist,Class,none,0
12,20240011,DynamicAttributeNS.java,poltergeist,Class,none,0
13,20240012,ExitException.java,poltergeist,Class,none,1
14,20240013,Diagnostics.java,poltergeist,Class,none,0
15,20240014,MagicNames.java,poltergeist,Class,none,1
16,20240015,IntrospectionHelper.java,poltergeist,Class,none,0
17,20240016,DynamicElement.java,poltergeist,Class,none,0
18,20240017,BuildListener.java,poltergeist,Class,none,0
19,20240018,AssertionTest.java,poltergeist,Class,none,0
20,20240019,DemuxInputStream.java,poltergeist,Class,none,0
21,20240020,DefaultLogger.java,poltergeist,Class,none,0
22,20240021,Task1.java,poltergeist,Class,none,0
23,20240022,PathTokenizer.java,poltergeist,Class,none,0
24,20240023,Main.java,poltergeist,Class,none,0
25,20240024,DirectoryScanner.java,poltergeist,Class,none,0
26,20240025,FileScanner.java,poltergeist,Class,none,0
27,20240026,AntClassLoader.java,poltergeist,Class,none,0
28,20240027,ComponentHelper.java,poltergeist,Class,none,0
29,20240028,BuildEvent.java,poltergeist,Class,none,1
30,20240029,Location.java,poltergeist,Class,none,0
31,20240030,Basename.java,poltergeist,Class,none,0
32,20240031,ProjectHelper.java,poltergeist,Class,none,0
33,20240032,BuildNumber.java,poltergeist,Class,none,0
34,20240033,TaskContainer.java,poltergeist,Class,none,0
35,20240034,CVSPass.java,poltergeist,Class,none,0
36,20240035,AntClassLoader2.java,poltergeist,Class,none,0
37,20240036,XmlLogger.java,poltergeist,Class,none,0
38,20240037,Chmod.java,poltergeist,Class,none,0
39,20240038,AntXMLContext.java,poltergeist,Class,none,0
40,20240039,Copyfile.java,poltergeist,Class,none,0
41,20240040,StripJavaComments.java,poltergeist,Class,none,0
42,20240041,Ant.java,poltergeist,Class,none,0
43,20240042,Copy.java,poltergeist,Class,none,0
44,20240043,BUnzip2.java,poltergeist,Class,none,0
45,20240044,BaseFilterReader.java,poltergeist,Class,none,0
46,20240045,LineContains.java,poltergeist,Class,none,0
47,20240046,TypeAdapter.java,poltergeist,Class,none,0
48,20240047,StringInputStream.java,poltergeist,Class,none,1
49,20240048,AntlibDefinition.java,poltergeist,Class,none,1
50,20240049,PrefixLines.java,poltergeist,Class,none,0
51,20240050,MultipleChoiceInputRequest.java,poltergeist,Class,none,0
52,20240051,ConditionTask.java,poltergeist,Class,none,0
53,20240052,InputRequest.java,poltergeist,Class,none,0
54,20240053,EscapeUnicode.java,poltergeist,Class,none,0
55,20240054,PropertyHelper.java,poltergeist,Class,none,0
56,20240055,Launcher.java,poltergeist,Class,none,0
57,20240056,Delete.java,poltergeist,Class,none,0
58,20240057,Exec.java,poltergeist,Class,none,0
59,20240058,DefaultInputHandler.java,poltergeist,Class,none,0
60,20240059,InputHandler.java,poltergeist,Class,none,0
61,20240060,Available.java,poltergeist,Class,none,0
62,20240061,ChainableReader.java,poltergeist,Class,none,0
63,20240062,TailFilter.java,poltergeist,Class,none,0
64,20240063,Dirname.java,poltergeist,Class,none,0
65,20240064,Execute.java,poltergeist,Class,none,0
66,20240065,LaunchException.java,poltergeist,Class,none,0
67,20240066,HeadFilter.java,poltergeist,Class,none,0
68,20240067,TaskAdapter.java,poltergeist,Class,none,0
69,20240068,ChainReaderHelper.java,poltergeist,Class,none,0
70,20240069,DefaultExcludes.java,poltergeist,Class,none,0
71,20240070,Target.java,poltergeist,Class,none,0
72,20240071,Copydir.java,poltergeist,Class,none,0
73,20240072,CommonsLoggingListener.java,poltergeist,Class,none,0
74,20240073,BZip2.java,poltergeist,Class,none,0
75,20240074,MailLogger.java,poltergeist,Class,none,0
76,20240075,Locator.java,poltergeist,Class,none,0
77,20240076,ClassConstants.java,poltergeist,Class,none,0
78,20240077,Project.java,poltergeist,Class,none,0
79,20240078,AntStructure.java,poltergeist,Class,none,0
80,20240079,SubBuildListener.java,poltergeist,Class,none,0
81,20240080,Ear.java,poltergeist,Class,none,0
82,20240081,ProjectComponent.java,poltergeist,Class,none,0
83,20240082,Cvs.java,poltergeist,Class,none,0
84,20240083,ProjectHelperImpl.java,poltergeist,Class,none,0
85,20240084,Concat.java,poltergeist,Class,none,0
86,20240085,Echo.java,poltergeist,Class,none,0
87,20240086,StripLineBreaks.java,poltergeist,Class,none,0
88,20240087,AntMain.java,poltergeist,Class,none,0
89,20240088,Task.java,poltergeist,Class,none,0
90,20240089,JavaClassHelper.java,poltergeist,Class,none,0
91,20240090,ConcatFilter.java,poltergeist,Class,none,0
92,20240091,ExpandProperties.java,poltergeist,Class,none,0
93,20240092,ReplaceTokens.java,poltergeist,Class,none,0
94,20240093,ExecuteJava.java,poltergeist,Class,none,0
95,20240094,CallTarget.java,poltergeist,Class,none,0
96,20240095,ExecuteStreamHandler.java,poltergeist,Class,none,0
97,20240096,DependSet.java,poltergeist,Class,none,0
98,20240097,AbstractCvsTask.java,poltergeist,Class,none,0
99,20240098,TokenFilter.java,poltergeist,Class,none,0
100,20240099,Log4jListener.java,poltergeist,Class,none,0
101,202400100,Checksum.java,poltergeist,Class,none,0
102,202400101,RuntimeConfigurable.java,poltergeist,Class,none,0
103,202400102,DefBase.java,poltergeist,Class,none,0
104,202400103,BaseParamFilterReader.java,poltergeist,Class,none,0
105,202400104,AnsiColorLogger.java,poltergeist,Class,none,0
106,202400105,UnknownElement.java,poltergeist,Class,none,0
107,202400106,LineContainsRegExp.java,poltergeist,Class,none,0
108,202400107,PropertyFileInputHandler.java,poltergeist,Class,none,0
109,202400108,Deltree.java,poltergeist,Class,none,0
110,202400109,ExecuteWatchdog.java,poltergeist,Class,none,0
111,202400110,ProjectHelper2.java,poltergeist,Class,none,0
112,202400111,ExecuteOn.java,poltergeist,Class,none,0
113,202400112,TabsToSpaces.java,poltergeist,Class,none,0
114,202400113,Antlib.java,poltergeist,Class,none,0
115,202400114,ExecTask.java,poltergeist,Class,none,0
116,202400115,StripLineComments.java,poltergeist,Class,none,0
117,202400116,Definer.java,poltergeist,Class,none,0
118,202400117,GenerateKey.java,poltergeist,Class,none,0
119,202400118,Nice.java,poltergeist,Class,none,0
120,202400119,FixCRLF.java,poltergeist,Class,none,0
121,202400120,Sequential.java,poltergeist,Class,none,0
122,202400121,GUnzip.java,poltergeist,Class,none,0
123,202400122,JavacExternal.java,poltergeist,Class,none,0
124,202400123,LogStreamHandler.java,poltergeist,Class,none,0
125,202400124,KeySubst.java,poltergeist,Class,none,0
126,202400125,PreSetDef.java,poltergeist,Class,none,0
127,202400126,Taskdef.java,poltergeist,Class,none,0
128,202400127,CompilerAdapter.java,poltergeist,Class,none,0
129,202400128,JikesOutputParser.java,poltergeist,Class,none,0
130,202400129,TaskOutputStream.java,poltergeist,Class,none,0
131,202400130,Untar.java,poltergeist,Class,none,0
132,202400131,Sj.java,poltergeist,Class,none,0
133,202400132,Javac13.java,poltergeist,Class,none,0
134,202400133,Sleep.java,poltergeist,Class,none,0
135,202400134,Get.java,poltergeist,Class,none,0
136,202400135,DefaultCompilerAdapter.java,poltergeist,Class,none,0
137,202400137,Zip.java,poltergeist,Class,none,0
138,202400138,Filter.java,poltergeist,Class,none,0
139,202400139,SQLExec.java,poltergeist,Class,none,0
140,202400140,Javac12.java,poltergeist,Class,none,0
141,202400141,Jvc.java,poltergeist,Class,none,0
142,202400142,Tar.java,poltergeist,Class,none,0
143,202400143,Parallel.java,poltergeist,Class,none,0
144,202400144,RecorderEntry.java,poltergeist,Class,none,0
145,202400145,SendEmail.java,poltergeist,Class,none,1
146,202400146,Jikes.java,poltergeist,Class,none,0
147,202400147,MacroInstance.java,poltergeist,Class,none,0
148,202400148,SignJar.java,poltergeist,Class,none,0
149,202400149,XSLTProcess.java,poltergeist,Class,none,0
150,202400150,Sync.java,poltergeist,Class,none,0
151,202400152,Input.java,poltergeist,Class,none,0
152,202400153,TempFile.java,poltergeist,Class,none,0
153,202400154,Exit.java,poltergeist,Class,none,0
154,202400155,And.java,poltergeist,Class,none,0
155,202400156,Kjc.java,poltergeist,Class,none,0
156,202400157,XmlProperty.java,poltergeist,Class,none,0
157,202400158,FilesMatch.java,poltergeist,Class,none,0
158,202400159,Manifest.java,poltergeist,Class,none,0
159,202400160,PathConvert.java,poltergeist,Class,none,0
160,202400161,Equals.java,poltergeist,Class,none,0
161,202400163,ConditionBase.java,poltergeist,Class,none,0
162,202400164,War.java,poltergeist,Class,none,0
163,202400165,Javac.java,poltergeist,Class,none,0
164,202400166,LoadProperties.java,poltergeist,Class,none,0
165,202400167,Expand.java,poltergeist,Class,none,0
166,202400168,Jar.java,poltergeist,Class,none,0
167,202400169,SubAnt.java,poltergeist,Class,none,0
168,202400170,LoadFile.java,poltergeist,Class,none,0
169,202400171,GZip.java,poltergeist,Class,none,0
170,202400172,WhichResource.java,poltergeist,Class,none,0
171,202400173,Move.java,poltergeist,Class,none,0
172,202400174,Javadoc.java,poltergeist,Class,none,0
173,202400175,Pack.java,poltergeist,Class,none,0
174,202400176,MacroDef.java,poltergeist,Class,none,0
175,202400177,Java.java,poltergeist,Class,none,0
176,202400178,XSLTLiaison2.java,poltergeist,Class,none,0
177,202400179,ManifestTask.java,poltergeist,Class,none,0
178,202400180,Replace.java,poltergeist,Class,none,0
179,202400181,ProcessDestroyer.java,poltergeist,Class,none,0
180,202400182,WaitFor.java,poltergeist,Class,none,0
181,202400183,Patch.java,poltergeist,Class,none,0
182,202400184,PumpStreamHandler.java,poltergeist,Class,none,0
183,202400185,Http.java,poltergeist,Class,none,0
184,202400186,XSLTLiaison.java,poltergeist,Class,none,0
185,202400187,Redirector.java,poltergeist,Class,none,0
186,202400188,Gcj.java,poltergeist,Class,none,0
187,202400189,UpToDate.java,poltergeist,Class,none,0
188,202400190,Property.java,poltergeist,Class,none,0
189,202400191,XSLTLoggerAware.java,poltergeist,Class,none,0
190,202400192,Contains.java,poltergeist,Class,none,0
191,202400193,CompilerAdapterFactory.java,poltergeist,Class,none,0
192,202400194,Rename.java,poltergeist,Class,none,0
193,202400195,StreamPumper.java,poltergeist,Class,none,0
194,202400196,LogOutputStream.java,poltergeist,Class,none,0
195,202400197,ImportTask.java,poltergeist,Class,none,0
196,202400198,Tstamp.java,poltergeist,Class,none,0
197,202400199,Condition.java,poltergeist,Class,none,0
198,202400200,Touch.java,poltergeist,Class,none,0
199,202400201,Unpack.java,poltergeist,Class,none,0
200,202400202,Mkdir.java,poltergeist,Class,none,0
201,202400203,XSLTLogger.java,poltergeist,Class,none,0
202,202400204,Rmic.java,poltergeist,Class,none,0
203,202400205,Recorder.java,poltergeist,Class,none,0
204,202400206,JDBCTask.java,poltergeist,Class,none,0
205,202400207,MatchingTask.java,poltergeist,Class,none,0
206,202400208,Ilasm.java,poltergeist,Class,none,0
207,202400209,CCCheckin.java,poltergeist,Class,none,0
208,202400210,StringCPInfo.java,poltergeist,Class,none,0
209,202400211,CCMReconfigure.java,poltergeist,Class,none,0
210,202400212,XMLValidateTask.java,poltergeist,Class,none,0
211,202400213,CvsUser.java,poltergeist,Class,none,0
212,202400214,Continuus.java,poltergeist,Class,none,0
213,202400215,DotnetDefine.java,poltergeist,Class,none,0
214,202400216,ANTLR.java,poltergeist,Class,none,0
215,202400217,ImportTypelib.java,poltergeist,Class,none,0
216,202400218,FieldRefCPInfo.java,poltergeist,Class,none,0
217,202400219,ClassCPInfo.java,poltergeist,Class,none,0
218,202400220,IsTrue.java,poltergeist,Class,none,0
219,202400221,InterfaceMethodRefCPInfo.java,poltergeist,Class,none,0
220,202400222,Depend.java,poltergeist,Class,none,0
221,202400223,EmailAddress.java,poltergeist,Class,none,0
222,202400224,ChangeLogParser.java,poltergeist,Class,none,0
223,202400225,Os.java,poltergeist,Class,none,0
224,202400226,JarFileIterator.java,poltergeist,Class,none,0
225,202400227,IsReference.java,poltergeist,Class,none,0
226,202400228,Mailer.java,poltergeist,Class,none,0
227,202400229,CvsTagEntry.java,poltergeist,Class,none,0
228,202400230,Utf8CPInfo.java,poltergeist,Class,none,0
229,202400231,CCRmtype.java,poltergeist,Class,none,0
230,202400232,RenameExtensions.java,poltergeist,Class,none,0
231,202400233,LongCPInfo.java,poltergeist,Class,none,0
232,202400234,IContract.java,poltergeist,Class,none,0
233,202400235,FloatCPInfo.java,poltergeist,Class,none,0
234,202400236,CCMCreateTask.java,poltergeist,Class,none,0
235,202400237,AntAnalyzer.java,poltergeist,Class,none,0
236,202400238,ConstantCPInfo.java,poltergeist,Class,none,0
237,202400239,ClassFileIterator.java,poltergeist,Class,none,0
238,202400240,DotnetCompile.java,poltergeist,Class,none,0
239,202400241,EmailTask.java,poltergeist,Class,none,0
240,202400243,MimeMailer.java,poltergeist,Class,none,0
241,202400244,ChangeLogWriter.java,poltergeist,Class,none,0
242,202400245,Native2Ascii.java,poltergeist,Class,none,0
243,202400246,CSharp.java,poltergeist,Class,none,0
244,202400247,Javah.java,poltergeist,Class,none,0
245,202400248,NameAndTypeCPInfo.java,poltergeist,Class,none,0
246,202400249,IsFalse.java,poltergeist,Class,none,0
247,202400250,CCUpdate.java,poltergeist,Class,none,0
248,202400251,Script.java,poltergeist,Class,none,0
249,202400252,Message.java,poltergeist,Class,none,0
250,202400253,Ildasm.java,poltergeist,Class,none,0
251,202400254,DirectoryIterator.java,poltergeist,Class,none,0
252,202400255,CCMCheck.java,poltergeist,Class,none,0
253,202400256,JSharp.java,poltergeist,Class,none,0
254,202400257,DotnetBaseMatchingTask.java,poltergeist,Class,none,0
255,202400258,NetCommand.java,poltergeist,Class,none,0
256,202400259,EchoProperties.java,poltergeist,Class,none,0
257,202400260,CCMklbtype.java,poltergeist,Class,none,0
258,202400261,Not.java,poltergeist,Class,none,1
259,202400262,CCMklabel.java,poltergeist,Class,none,0
260,202400263,CvsVersion.java,poltergeist,Class,none,0
261,202400264,CCUnlock.java,poltergeist,Class,none,0
262,202400265,CCMkelem.java,poltergeist,Class,none,0
263,202400266,XslpLiaison.java,poltergeist,Class,none,0
264,202400267,ClearCase.java,poltergeist,Class,none,0
265,202400268,PropertyFile.java,poltergeist,Class,none,0
266,202400269,MethodRefCPInfo.java,poltergeist,Class,none,0
267,202400270,Or.java,poltergeist,Class,none,1
268,202400271,Test.java,poltergeist,Class,none,0
269,202400273,ConstantPoolEntry.java,poltergeist,Class,none,0
270,202400274,RedirectingStreamHandler.java,poltergeist,Class,none,0
271,202400275,CVSEntry.java,poltergeist,Class,none,0
272,202400276,CvsTagDiff.java,poltergeist,Class,none,0
273,202400277,CCMkattr.java,poltergeist,Class,none,0
274,202400278,IntegerCPInfo.java,poltergeist,Class,none,0
275,202400279,RedirectingOutputStream.java,poltergeist,Class,none,0
276,202400280,CCMkbl.java,poltergeist,Class,none,0
277,202400281,RCSFile.java,poltergeist,Class,none,1
278,202400282,CCUnCheckout.java,poltergeist,Class,none,0
279,202400283,StyleBook.java,poltergeist,Class,none,0
280,202400284,ChangeLogTask.java,poltergeist,Class,none,0
281,202400285,ReplaceRegExp.java,poltergeist,Class,none,0
282,202400286,DoubleCPInfo.java,poltergeist,Class,none,0
283,202400287,CCMkdir.java,poltergeist,Class,none,0
284,202400288,VisualBasicCompile.java,poltergeist,Class,none,0
285,202400289,NetRexxC.java,poltergeist,Class,none,0
286,202400290,CCCheckout.java,poltergeist,Class,none,0
287,202400291,IsSet.java,poltergeist,Class,none,0
288,202400292,Rpm.java,poltergeist,Class,none,0
289,202400293,ClassFileUtils.java,poltergeist,Class,none,0
290,202400294,UUMailer.java,poltergeist,Class,none,1
291,202400295,XalanLiaison.java,poltergeist,Class,none,0
292,202400296,ConstantPool.java,poltergeist,Class,none,0
293,202400297,Cab.java,poltergeist,Class,none,0
294,202400298,DotnetResource.java,poltergeist,Class,none,0
295,202400299,CCLock.java,poltergeist,Class,none,0
296,202400300,TraXLiaison.java,poltergeist,Class,none,0
297,202400301,PlainMailer.java,poltergeist,Class,none,0
298,202400302,CCMCheckinDefault.java,poltergeist,Class,none,1
299,202400303,JJDoc.java,poltergeist,Class,none,0
300,202400304,JspNameMangler.java,poltergeist,Class,none,0
301,202400305,VAJLoad.java,poltergeist,Class,none,0
302,202400306,JspMangler.java,poltergeist,Class,none,0
303,202400307,Compatibility.java,poltergeist,Class,none,1
304,202400308,DeweyDecimal.java,poltergeist,Class,none,0
305,202400309,WebsphereDeploymentTool.java,poltergeist,Class,none,0
306,202400310,Translate.java,poltergeist,Class,none,0
307,202400311,ExtensionSet.java,poltergeist,Class,none,0
308,202400312,VAJRemoteUtil.java,poltergeist,Class,none,0
309,202400313,IPlanetDeploymentTool.java,poltergeist,Class,none,0
310,202400314,ExtraAttribute.java,poltergeist,Class,none,0
311,202400315,ClassNameReader.java,poltergeist,Class,none,0
312,202400316,Image.java,poltergeist,Class,none,0
313,202400317,JarLibResolveTask.java,poltergeist,Class,none,0
314,202400318,VAJWorkspaceScanner.java,poltergeist,Class,none,0
315,202400319,BriefJUnitResultFormatter.java,poltergeist,Class,none,0
316,202400320,AggregateTransformer.java,poltergeist,Class,none,0
317,202400321,Extension.java,poltergeist,Class,none,0
318,202400322,IPlanetEjbc.java,poltergeist,Class,none,0
319,202400323,GenericDeploymentTool.java,poltergeist,Class,none,0
320,202400324,VAJImport.java,poltergeist,Class,none,0
321,202400325,DefaultJspCompilerAdapter.java,poltergeist,Class,none,0
322,202400326,JDependTask.java,poltergeist,Class,none,0
323,202400327,BatchTest.java,poltergeist,Class,none,0
324,202400328,JasperC.java,poltergeist,Class,none,0
325,202400329,JspCompilerAdapterFactory.java,poltergeist,Class,none,0
326,202400330,WLStop.java,poltergeist,Class,none,0
327,202400331,DOMUtil.java,poltergeist,Class,none,0
328,202400332,VAJLocalUtil.java,poltergeist,Class,none,0
329,202400333,ExtensionUtil.java,poltergeist,Class,none,0
330,202400334,AbstractHotDeploymentTool.java,poltergeist,Class,none,0
331,202400335,Jasper41Mangler.java,poltergeist,Class,none,0
332,202400336,JarLibDisplayTask.java,poltergeist,Class,none,0
333,202400337,JonasHotDeploymentTool.java,poltergeist,Class,none,0
334,202400338,AntResolver.java,poltergeist,Class,none,0
335,202400340,VAJTask.java,poltergeist,Class,none,0
336,202400341,Enumerations.java,poltergeist,Class,none,0
337,202400342,EJBDeploymentTool.java,poltergeist,Class,none,0
338,202400343,JarLibAvailableTask.java,poltergeist,Class,none,0
339,202400344,Compatability.java,poltergeist,Class,none,1
340,202400345,VAJBuildInfo.java,poltergeist,Class,none,0
341,202400346,VAJToolsServlet.java,poltergeist,Class,none,0
342,202400347,JlinkTask.java,poltergeist,Class,none,0
343,202400348,EjbJar.java,poltergeist,Class,none,0
344,202400349,BaseTest.java,poltergeist,Class,none,0
345,202400350,VAJExportServlet.java,poltergeist,Class,none,0
346,202400351,JbossDeploymentTool.java,poltergeist,Class,none,0
347,202400352,JspC.java,poltergeist,Class,none,0
348,202400353,JonasDeploymentTool.java,poltergeist,Class,none,0
349,202400354,WebLogicHotDeploymentTool.java,poltergeist,Class,none,0
350,202400355,DDCreatorHelper.java,poltergeist,Class,none,0
351,202400356,JspCompilerAdapter.java,poltergeist,Class,none,0
352,202400357,BorlandDeploymentTool.java,poltergeist,Class,none,0
353,202400358,URLResolver.java,poltergeist,Class,none,0
354,202400359,HotDeploymentTool.java,poltergeist,Class,none,0
355,202400360,Ejbc.java,poltergeist,Class,none,0
356,202400361,WsdlToDotnet.java,poltergeist,Class,none,0
357,202400362,VAJLoadServlet.java,poltergeist,Class,none,0
358,202400363,WeblogicTOPLinkDeploymentTool.java,poltergeist,Class,none,0
359,202400364,JJTree.java,poltergeist,Class,none,0
360,202400365,JavaCC.java,poltergeist,Class,none,0
361,202400366,VAJAntTool.java,poltergeist,Class,none,0
362,202400367,InnerClassFilenameFilter.java,poltergeist,Class,none,1
363,202400368,DescriptorHandler.java,poltergeist,Class,none,0
364,202400369,ExtensionAdapter.java,poltergeist,Class,none,0
365,202400370,IPlanetEjbcTask.java,poltergeist,Class,none,0
366,202400371,WeblogicDeploymentTool.java,poltergeist,Class,none,0
367,202400372,JarLibManifestTask.java,poltergeist,Class,none,0
368,202400373,WLJspc.java,poltergeist,Class,none,0
369,202400374,ServerDeploy.java,poltergeist,Class,none,0
370,202400375,Specification.java,poltergeist,Class,none,0
371,202400376,VAJImportServlet.java,poltergeist,Class,none,0
372,202400377,VAJAntToolGUI.java,poltergeist,Class,none,0
373,202400378,WLRun.java,poltergeist,Class,none,0
374,202400379,DDCreator.java,poltergeist,Class,none,0
375,202400380,VAJUtil.java,poltergeist,Class,none,0
376,202400381,EjbcHelper.java,poltergeist,Class,none,0
377,202400382,jlink.java,poltergeist,Class,none,0
378,202400383,LibFileSet.java,poltergeist,Class,none,0
379,202400384,LibraryDisplayer.java,poltergeist,Class,none,0
380,202400385,GenericHotDeploymentTool.java,poltergeist,Class,none,0
381,202400386,BorlandGenerateClient.java,poltergeist,Class,none,0
382,202400387,VAJProjectDescription.java,poltergeist,Class,none,1
383,202400388,LocationResolver.java,poltergeist,Class,none,0
384,202400389,VAJExport.java,poltergeist,Class,none,0
385,202400390,ExtensionResolver.java,poltergeist,Class,none,0
386,202400391,SOSLabel.java,poltergeist,Class,none,0
387,202400392,ReportFilters.java,poltergeist,Class,none,0
388,202400393,ClassFile.java,poltergeist,Class,none,0
389,202400394,P4HandlerAdapter.java,poltergeist,Class,none,0
390,202400395,Pvcs.java,poltergeist,Class,none,0
391,202400396,MethodInfo.java,poltergeist,Class,none,0
392,202400397,LogListener.java,poltergeist,Class,none,0
393,202400398,SOS.java,poltergeist,Class,none,0
394,202400399,Triggers.java,poltergeist,Class,none,0
395,202400400,P4Have.java,poltergeist,Class,none,1
396,202400401,P4Add.java,poltergeist,Class,none,0
397,202400402,P4Integrate.java,poltergeist,Class,none,0
398,202400403,P4Labelsync.java,poltergeist,Class,none,0
399,202400404,CovMerge.java,poltergeist,Class,none,0
400,202400405,PlainJUnitResultFormatter.java,poltergeist,Class,none,0
401,202400406,ScpFromMessage.java,poltergeist,Class,none,0
402,202400407,ScriptDefBase.java,poltergeist,Class,none,0
403,202400408,P4Fstat.java,poltergeist,Class,none,0
404,202400409,MimeMail.java,poltergeist,Class,none,1
405,202400410,SOSGet.java,poltergeist,Class,none,0
406,202400411,StringUtil.java,poltergeist,Class,none,0
407,202400412,Xalan2Executor.java,poltergeist,Class,none,0
408,202400413,ClassPathLoader.java,poltergeist,Class,none,0
409,202400414,AntSoundPlayer.java,poltergeist,Class,none,0
410,202400415,SoundTask.java,poltergeist,Class,none,0
411,202400416,P4Edit.java,poltergeist,Class,none,0
412,202400417,P4OutputHandler.java,poltergeist,Class,none,0
413,202400418,SplashScreen.java,poltergeist,Class,none,0
414,202400419,Scp.java,poltergeist,Class,none,0
415,202400420,Xalan1Executor.java,poltergeist,Class,none,0
416,202400421,JUnitResultFormatter.java,poltergeist,Class,none,0
417,202400422,FTP.java,poltergeist,Class,none,0
418,202400423,MAuditStreamHandler.java,poltergeist,Class,none,0
419,202400424,StarTeamLabel.java,poltergeist,Class,none,0
420,202400425,CovBase.java,poltergeist,Class,none,0
421,202400426,SplashTask.java,poltergeist,Class,none,0
422,202400427,Filters.java,poltergeist,Class,none,0
423,202400428,SSHBase.java,poltergeist,Class,none,0
424,202400429,P4Delete.java,poltergeist,Class,none,0
425,202400430,MMetrics.java,poltergeist,Class,none,0
426,202400431,AbstractSshMessage.java,poltergeist,Class,none,0
427,202400432,P4Submit.java,poltergeist,Class,none,0
428,202400433,Directory.java,poltergeist,Class,none,0
429,202400434,SSHExec.java,poltergeist,Class,none,0
430,202400435,StarTeamCheckout.java,poltergeist,Class,none,0
431,202400436,AbstractMetamataTask.java,poltergeist,Class,none,0
432,202400437,StarTeamCheckin.java,poltergeist,Class,none,0
433,202400438,XMLResultAggregator.java,poltergeist,Class,none,0
434,202400439,PvcsProject.java,poltergeist,Class,none,1
435,202400440,Utils.java,poltergeist,Class,none,0
436,202400441,XMLJUnitResultFormatter.java,poltergeist,Class,none,0
437,202400442,XMLConstants.java,poltergeist,Class,none,0
438,202400443,P4OutputStream.java,poltergeist,Class,none,0
439,202400444,MAuditParser.java,poltergeist,Class,none,0
440,202400445,ScriptDef.java,poltergeist,Class,none,0
441,202400446,MMetricsStreamHandler.java,poltergeist,Class,none,0
442,202400447,MParse.java,poltergeist,Class,none,0
443,202400448,XMLReport.java,poltergeist,Class,none,0
444,202400449,P4Revert.java,poltergeist,Class,none,0
445,202400450,P4Resolve.java,poltergeist,Class,none,0
446,202400451,JUnitTask.java,poltergeist,Class,none,0
447,202400452,AttributeInfo.java,poltergeist,Class,none,0
448,202400453,RExecTask.java,poltergeist,Class,none,0
449,202400454,Socket.java,poltergeist,Class,none,0
450,202400455,SetProxy.java,poltergeist,Class,none,0
451,202400456,SOSCheckin.java,poltergeist,Class,none,0
452,202400457,SummaryJUnitResultFormatter.java,poltergeist,Class,none,0
453,202400458,CovReport.java,poltergeist,Class,none,0
454,202400459,ScpToMessage.java,poltergeist,Class,none,0
455,202400460,JUnitVersionHelper.java,poltergeist,Class,none,0
456,202400461,Coverage.java,poltergeist,Class,none,0
457,202400462,FStatP4OutputHandler.java,poltergeist,Class,none,0
458,202400463,P4Base.java,poltergeist,Class,none,0
459,202400464,FormatterElement.java,poltergeist,Class,none,0
460,202400465,P4Counter.java,poltergeist,Class,none,0
461,202400466,SOSCheckout.java,poltergeist,Class,none,0
462,202400467,MAudit.java,poltergeist,Class,none,0
463,202400468,P4Change.java,poltergeist,Class,none,0
464,202400469,StarTeamList.java,poltergeist,Class,none,0
465,202400470,P4Label.java,poltergeist,Class,none,0
466,202400471,P4Sync.java,poltergeist,Class,none,0
467,202400472,SOSCmd.java,poltergeist,Class,none,0
468,202400473,AntStarTeamCheckOut.java,poltergeist,Class,none,0
469,202400474,SSHUserInfo.java,poltergeist,Class,none,0
470,202400475,XalanExecutor.java,poltergeist,Class,none,0
471,202400476,P4Reopen.java,poltergeist,Class,none,0
472,202400477,TelnetTask.java,poltergeist,Class,none,0
473,202400478,P4Handler.java,poltergeist,Class,none,0
474,202400479,JUnitTest.java,poltergeist,Class,none,0
475,202400480,JUnitTestRunner.java,poltergeist,Class,none,0
476,202400481,SimpleP4OutputHandler.java,poltergeist,Class,none,0
477,202400482,Mapper.java,poltergeist,Class,none,0
478,202400483,TreeBasedTask.java,poltergeist,Class,none,0
479,202400484,Rotate.java,poltergeist,Class,none,0
480,202400485,RegularExpression.java,poltergeist,Class,none,0
481,202400486,Chgrp.java,poltergeist,Class,none,0
482,202400487,DependSelector.java,poltergeist,Class,none,0
483,202400488,ResourceFactory.java,poltergeist,Class,none,0
484,202400489,SunRmic.java,poltergeist,Class,none,1
485,202400490,DependScanner.java,poltergeist,Class,none,0
486,202400491,StarTeamTask.java,poltergeist,Class,none,0
487,202400492,PropertySet.java,poltergeist,Class,none,0
488,202400493,Draw.java,poltergeist,Class,none,0
489,202400494,DateSelector.java,poltergeist,Class,none,0
490,202400495,XMLCatalog.java,poltergeist,Class,none,0
491,202400496,Parameter.java,poltergeist,Class,none,0
492,202400497,DifferentSelector.java,poltergeist,Class,none,0
493,202400498,ZipFileSet.java,poltergeist,Class,none,0
494,202400499,ExtendSelector.java,poltergeist,Class,none,0
495,202400500,Path.java,poltergeist,Class,none,0
496,202400501,BaseSelector.java,poltergeist,Class,none,0
497,202400502,MSVSSCREATE.java,poltergeist,Class,none,0
498,202400503,Commandline.java,poltergeist,Class,none,0
499,202400504,MSVSSCHECKOUT.java,poltergeist,Class,none,0
500,202400505,MSVSSCHECKIN.java,poltergeist,Class,none,0
501,202400506,FilterSetCollection.java,poltergeist,Class,none,0
502,202400507,Description.java,poltergeist,Class,none,0
503,202400508,Environment.java,poltergeist,Class,none,0
504,202400509,AntFilterReader.java,poltergeist,Class,none,0
505,202400510,Arc.java,poltergeist,Class,none,0
506,202400511,Scale.java,poltergeist,Class,none,0
507,202400512,PatternSet.java,poltergeist,Class,none,0
508,202400513,MSVSS.java,poltergeist,Class,none,0
509,202400514,FileList.java,poltergeist,Class,none,0
510,202400515,ZipScanner.java,poltergeist,Class,none,0
511,202400516,ResourceLocation.java,poltergeist,Class,none,1
512,202400517,ImageOperation.java,poltergeist,Class,none,0
513,202400518,AndSelector.java,poltergeist,Class,none,0
514,202400519,MSVSSCP.java,poltergeist,Class,none,0
515,202400520,BaseSelectorContainer.java,poltergeist,Class,none,0
516,202400522,BaseExtendSelector.java,poltergeist,Class,none,0
517,202400523,MSVSSADD.java,poltergeist,Class,none,0
518,202400524,DataType.java,poltergeist,Class,none,0
519,202400525,WLRmic.java,poltergeist,Class,none,0
520,202400526,ContainsSelector.java,poltergeist,Class,none,0
521,202400527,TransformOperation.java,poltergeist,Class,none,0
522,202400528,Parameterizable.java,poltergeist,Class,none,0
523,202400529,DefaultRmicAdapter.java,poltergeist,Class,none,0
524,202400530,Chown.java,poltergeist,Class,none,0
525,202400531,Permissions.java,poltergeist,Class,none,0
526,202400532,Substitution.java,poltergeist,Class,none,0
527,202400533,FilterSet.java,poltergeist,Class,none,0
528,202400534,Rectangle.java,poltergeist,Class,none,0
529,202400535,DepthSelector.java,poltergeist,Class,none,0
530,202400536,AbstractFileSet.java,poltergeist,Class,none,0
531,202400537,Ellipse.java,poltergeist,Class,none,0
532,202400538,Assertions.java,poltergeist,Class,none,0
533,202400539,ColorMapper.java,poltergeist,Class,none,0
534,202400540,ApacheCatalogResolver.java,poltergeist,Class,none,0
535,202400541,RmicAdapter.java,poltergeist,Class,none,0
536,202400542,MSVSSGET.java,poltergeist,Class,none,0
537,202400543,ContainsRegexpSelector.java,poltergeist,Class,none,0
538,202400544,MSVSSHISTORY.java,poltergeist,Class,none,0
539,202400545,FilterChain.java,poltergeist,Class,none,0
540,202400546,CommandlineJava.java,poltergeist,Class,none,0
541,202400547,Resource.java,poltergeist,Class,none,0
542,202400548,FileSet.java,poltergeist,Class,none,1
543,202400549,ApacheCatalog.java,poltergeist,Class,none,0
544,202400550,Symlink.java,poltergeist,Class,none,0
545,202400551,MSVSSConstants.java,poltergeist,Class,none,0
546,202400552,RmicAdapterFactory.java,poltergeist,Class,none,0
547,202400553,KaffeRmic.java,poltergeist,Class,none,0
548,202400554,ScriptFilter.java,poltergeist,Class,none,0
549,202400555,ExtendFileSelector.java,poltergeist,Class,none,0
550,202400556,FlexInteger.java,poltergeist,Class,none,1
551,202400557,DirSet.java,poltergeist,Class,none,0
552,202400558,DrawOperation.java,poltergeist,Class,none,0
553,202400559,AbstractAccessTask.java,poltergeist,Class,none,0
554,202400560,EnumeratedAttribute.java,poltergeist,Class,none,0
555,202400561,BasicShape.java,poltergeist,Class,none,0
556,202400562,RedirectorElement.java,poltergeist,Class,none,0
557,202400563,ClassfileSet.java,poltergeist,Class,none,0
558,202400564,Reference.java,poltergeist,Class,none,0
559,202400565,MSVSSLABEL.java,poltergeist,Class,none,0
560,202400566,Attrib.java,poltergeist,Class,none,0
561,202400567,Text.java,poltergeist,Class,none,0
562,202400569,Tokenizer.java,poltergeist,Class,none,0
563,202400570,MappingSelector.java,poltergeist,Class,none,0
564,202400571,Jdk14RegexpRegexp.java,poltergeist,Class,none,0
565,202400572,ZipOutputStream.java,poltergeist,Class,none,0
566,202400573,CollectionUtils.java,poltergeist,Class,none,0
567,202400574,FlatFileNameMapper.java,poltergeist,Class,none,1
568,202400575,MailMessage.java,poltergeist,Class,none,0
569,202400576,LazyHashtable.java,poltergeist,Class,none,0
570,202400577,JakartaOroRegexp.java,poltergeist,Class,none,0
571,202400578,OutputStreamFunneler.java,poltergeist,Class,none,0
572,202400579,MergingMapper.java,poltergeist,Class,none,1
573,202400580,FacadeTaskHelper.java,poltergeist,Class,none,0
574,202400581,DependencyVisitor.java,poltergeist,Class,none,0
575,202400582,CompositeMapper.java,poltergeist,Class,none,1
576,202400583,DigestAlgorithm.java,poltergeist,Class,none,0
577,202400584,TaskLogger.java,poltergeist,Class,none,0
578,202400585,TeeOutputStream.java,poltergeist,Class,none,0
579,202400586,NotSelector.java,poltergeist,Class,none,0
580,202400587,TarOutputStream.java,poltergeist,Class,none,0
581,202400588,UnrecognizedExtraField.java,poltergeist,Class,none,0
582,202400589,TarUtils.java,poltergeist,Class,none,0
583,202400590,ScriptRunner.java,poltergeist,Class,none,0
584,202400591,ModifiedSelector.java,poltergeist,Class,none,0
585,202400592,SourceFileScanner.java,poltergeist,Class,none,0
586,202400593,RegexpUtil.java,poltergeist,Class,none,0
587,202400594,SelectSelector.java,poltergeist,Class,none,0
588,202400595,Cache.java,poltergeist,Class,none,0
589,202400596,AncestorAnalyzer.java,poltergeist,Class,none,0
590,202400597,ZipExtraField.java,poltergeist,Class,none,0
591,202400598,WeakishReference.java,poltergeist,Class,none,0
592,202400599,PresentSelector.java,poltergeist,Class,none,0
593,202400600,ContainerMapper.java,poltergeist,Class,none,0
594,202400601,ChainedMapper.java,poltergeist,Class,none,0
595,202400602,JavaEnvUtils.java,poltergeist,Class,none,0
596,202400603,FilenameSelector.java,poltergeist,Class,none,0
597,202400604,ExtraFieldUtils.java,poltergeist,Class,none,0
598,202400605,FileSelector.java,poltergeist,Class,none,0
599,202400606,ReaderInputStream.java,poltergeist,Class,none,0
600,202400607,JakartaRegexpRegexp.java,poltergeist,Class,none,0
601,202400608,BZip2Constants.java,poltergeist,Class,none,0
602,202400609,TarInputStream.java,poltergeist,Class,none,0
603,202400610,RegexpPatternMapper.java,poltergeist,Class,none,0
604,202400611,RegexpMatcher.java,poltergeist,Class,none,0
605,202400612,LazyFileOutputStream.java,poltergeist,Class,none,0
606,202400613,SmtpResponseReader.java,poltergeist,Class,none,0
607,202400615,SelectorContainer.java,poltergeist,Class,none,0
608,202400616,CRC.java,poltergeist,Class,none,0
609,202400617,EqualComparator.java,poltergeist,Class,none,0
610,202400618,HashvalueAlgorithm.java,poltergeist,Class,none,0
611,202400619,FileNameMapper.java,poltergeist,Class,none,0
612,202400620,ZipLong.java,poltergeist,Class,none,0
613,202400621,Regexp.java,poltergeist,Class,none,0
614,202400622,UnixStat.java,poltergeist,Class,none,0
615,202400623,FullAnalyzer.java,poltergeist,Class,none,0
616,202400624,SizeSelector.java,poltergeist,Class,none,0
617,202400625,ZipShort.java,poltergeist,Class,none,0
618,202400626,PropertiesfileCache.java,poltergeist,Class,none,0
619,202400627,JakartaOroMatcher.java,poltergeist,Class,none,0
620,202400628,AbstractAnalyzer.java,poltergeist,Class,none,0
621,202400629,NoExitSecurityManager.java,poltergeist,Class,none,1
622,202400630,TarBuffer.java,poltergeist,Class,none,0
623,202400631,GlobPatternMapper.java,poltergeist,Class,none,0
624,202400632,IdentityMapper.java,poltergeist,Class,none,1
625,202400633,MajoritySelector.java,poltergeist,Class,none,0
626,202400634,WeakishReference12.java,poltergeist,Class,none,1
627,202400635,Algorithm.java,poltergeist,Class,none,0
628,202400636,ZipFile.java,poltergeist,Class,none,0
629,202400637,Jdk14RegexpMatcher.java,poltergeist,Class,none,0
630,202400638,AsiExtraField.java,poltergeist,Class,none,0
631,202400639,PackageNameMapper.java,poltergeist,Class,none,1
632,202400640,DependencyAnalyzer.java,poltergeist,Class,none,0
633,202400641,ErrorInQuitException.java,poltergeist,Class,none,0
634,202400642,DOMElementWriter.java,poltergeist,Class,none,0
635,202400643,RegexpMatcherFactory.java,poltergeist,Class,none,0
636,202400644,SelectorUtils.java,poltergeist,Class,none,0
637,202400645,ImplementationSpecificArgument.java,poltergeist,Class,none,0
638,202400646,OrSelector.java,poltergeist,Class,none,0
639,202400647,DateUtils.java,poltergeist,Class,none,0
640,202400648,NoneSelector.java,poltergeist,Class,none,0
641,202400649,TypeSelector.java,poltergeist,Class,none,0
642,202400650,ConcatFileInputStream.java,poltergeist,Class,none,0
643,202400651,JakartaRegexpMatcher.java,poltergeist,Class,none,0
644,202400652,StringUtils.java,poltergeist,Class,none,0
645,202400653,UnPackageNameMapper.java,poltergeist,Class,none,1
646,202400654,ZipEntry.java,poltergeist,Class,none,0
647,202400655,TarEntry.java,poltergeist,Class,none,0
648,202400656,TarConstants.java,poltergeist,Class,none,0
649,202400657,SelectorScanner.java,poltergeist,Class,none,0
650,202400658,ClasspathUtils.java,poltergeist,Class,none,0
651,202400659,LoaderUtils.java,poltergeist,Class,none,0
652,202400660,LeadPipeInputStream.java,poltergeist,Class,none,0
653,202400661,RegexpFactory.java,poltergeist,Class,none,0
654,202400662,LineTokenizer.java,poltergeist,Class,none,0
655,202400663,JAXPUtils.java,poltergeist,Class,none,0
656,202400664,ResourceUtils.java,poltergeist,Class,none,0
657,202400665,CBZip2InputStream.java,poltergeist,Class,none,0
658,202400666,TimeoutObserver.java,poltergeist,Class,none,0
659,202400667,FileUtils.java,poltergeist,Class,none,0
660,202400668,CBZip2OutputStream.java,poltergeist,Class,none,0
661,202400669,Watchdog.java,poltergeist,Class,none,0
662,202400670,DummyTaskWithNonVoidExecute.java,poltergeist,Class,none,1
663,202400671,BasenameTest.java,poltergeist,Class,none,0
664,202400672,DummyTaskWithoutExecute.java,poltergeist,Class,none,0
665,202400673,StripJavaCommentsTest.java,poltergeist,Class,none,0
666,202400674,B.java,poltergeist,Class,none,1
667,202400675,PathConvertTest.java,poltergeist,Class,none,0
668,202400676,ReplaceTest.java,poltergeist,Class,none,0
669,202400677,AntClassLoaderTest.java,poltergeist,Class,none,0
670,202400680,ExecuteOnTest.java,poltergeist,Class,none,0
671,202400681,JarTest.java,poltergeist,Class,none,0
672,202400682,ExecuteWatchdogTest.java,poltergeist,Class,none,0
673,202400683,PropertyTest.java,poltergeist,Class,none,0
674,202400684,AbstractCvsTaskTest.java,poltergeist,Class,none,0
675,202400685,SleepTest.java,poltergeist,Class,none,0
676,202400686,UnzipTest.java,poltergeist,Class,none,0
677,202400687,WarTest.java,poltergeist,Class,none,0
678,202400688,ParallelTest.java,poltergeist,Class,none,0
679,202400689,DummyTaskInterface.java,poltergeist,Class,none,0
680,202400691,FailTest.java,poltergeist,Class,none,0
681,202400692,JavacTest.java,poltergeist,Class,none,0
682,202400693,TaskdefsTest.java,poltergeist,Class,none,0
683,202400694,IncludeTest.java,poltergeist,Class,none,0
684,202400695,LineContainsTest.java,poltergeist,Class,none,0
685,202400696,EqualsTest.java,poltergeist,Class,none,0
686,202400697,XmlPropertyTest.java,poltergeist,Class,none,0
687,202400698,TaskContainerTest.java,poltergeist,Class,none,0
688,202400699,AntStructureTest.java,poltergeist,Class,none,1
689,202400700,ExecTaskTest.java,poltergeist,Class,none,0
690,202400701,MkdirTest.java,poltergeist,Class,none,0
691,202400702,DummyTaskAbstract.java,poltergeist,Class,none,0
692,202400703,CVSPassTest.java,poltergeist,Class,none,0
693,202400704,ConditionTest.java,poltergeist,Class,none,0
694,202400705,TouchTest.java,poltergeist,Class,none,0
695,202400706,EchoTest.java,poltergeist,Class,none,0
696,202400707,HeadTailTest.java,poltergeist,Class,none,0
697,202400708,TimeProcess.java,poltergeist,Class,none,0
698,202400709,ProcessDestroyerTest.java,poltergeist,Class,none,0
699,202400710,ExecuteJavaTest.java,poltergeist,Class,none,0
700,202400711,ProjectTest.java,poltergeist,Class,none,0
701,202400712,BuildFileTest.java,poltergeist,Class,none,0
702,202400713,XmlnsTest.java,poltergeist,Class,none,0
703,202400714,TestProcess.java,poltergeist,Class,none,0
704,202400715,DeleteTest.java,poltergeist,Class,none,0
705,202400716,PreSetDefTest.java,poltergeist,Class,none,0
706,202400717,InitializeClassTest.java,poltergeist,Class,none,0
707,202400718,DynamicFilterTest.java,poltergeist,Class,none,0
708,202400719,AvailableTest.java,poltergeist,Class,none,0
709,202400720,TStampTest.java,poltergeist,Class,none,0
710,202400721,IsReferenceTest.java,poltergeist,Class,none,0
711,202400722,DirnameTest.java,poltergeist,Class,none,0
712,202400723,NoNewLineTest.java,poltergeist,Class,none,0
713,202400724,ImportTest.java,poltergeist,Class,none,0
714,202400725,DemuxOutputTask.java,poltergeist,Class,none,0
715,202400726,TopLevelTaskTest.java,poltergeist,Class,none,0
716,202400727,AntlibTest.java,poltergeist,Class,none,0
717,202400728,AntTest.java,poltergeist,Class,none,0
718,202400729,DirectoryScannerTest.java,poltergeist,Class,none,0
719,202400730,SQLExecTest.java,poltergeist,Class,none,0
720,202400732,DeltreeTest.java,poltergeist,Class,none,0
721,202400734,ConcatTest.java,poltergeist,Class,none,0
722,202400735,EscapeUnicodeTest.java,poltergeist,Class,none,0
723,202400736,UntarTest.java,poltergeist,Class,none,0
724,202400737,LoaderRefTest.java,poltergeist,Class,none,0
725,202400738,MoveTest.java,poltergeist,Class,none,0
726,202400739,DynamicTask.java,poltergeist,Class,none,0
727,202400740,ManifestTest.java,poltergeist,Class,none,0
728,202400741,CopyfileTest.java,poltergeist,Class,none,0
729,202400742,BUnzip2Test.java,poltergeist,Class,none,0
730,202400743,RmicTest.java,poltergeist,Class,none,0
731,202400744,InputTest.java,poltergeist,Class,none,0
732,202400745,ContainsTest.java,poltergeist,Class,none,1
733,202400746,FilterTest.java,poltergeist,Class,none,0
734,202400747,ChecksumTest.java,poltergeist,Class,none,0
735,202400748,DefaultExcludesTest.java,poltergeist,Class,none,0
736,202400749,MacroDefTest.java,poltergeist,Class,none,0
737,202400750,TypedefTest.java,poltergeist,Class,none,0
738,202400751,ImmutableTest.java,poltergeist,Class,none,0
739,202400752,ZipTest.java,poltergeist,Class,none,0
740,202400753,DynamicTest.java,poltergeist,Class,none,0
741,202400754,CaseTest.java,poltergeist,Class,none,0
742,202400755,MultiMapTest.java,poltergeist,Class,none,0
743,202400756,JavaTest.java,poltergeist,Class,none,0
744,202400757,GzipTest.java,poltergeist,Class,none,0
745,202400758,TarTest.java,poltergeist,Class,none,0
746,202400759,AntLikeTasksAtTopLevelTest.java,poltergeist,Class,none,0
747,202400760,ConcatFilterTest.java,poltergeist,Class,none,0
748,202400761,GUnzipTest.java,poltergeist,Class,none,0
749,202400762,TypeAdapterTest.java,poltergeist,Class,none,0
750,202400763,CopyTest.java,poltergeist,Class,none,0
751,202400764,DependSetTest.java,poltergeist,Class,none,0
752,202400765,StyleTest.java,poltergeist,Class,none,0
753,202400766,CallTargetTest.java,poltergeist,Class,none,0
754,202400767,LoadFileTest.java,poltergeist,Class,none,0
755,202400768,IntrospectionHelperTest.java,poltergeist,Class,none,0
756,202400769,SubAntTest.java,poltergeist,Class,none,0
757,202400770,CopydirTest.java,poltergeist,Class,none,0
758,202400771,ReplaceTokensTest.java,poltergeist,Class,none,0
759,202400772,BZip2Test.java,poltergeist,Class,none,0
760,202400773,GetTest.java,poltergeist,Class,none,0
761,202400774,MockBuildListener.java,poltergeist,Class,none,0
762,202400775,TokenFilterTest.java,poltergeist,Class,none,0
763,202400776,PropertyExpansionTest.java,poltergeist,Class,none,0
764,202400777,SignJarTest.java,poltergeist,Class,none,0
765,202400778,FixCrLfTest.java,poltergeist,Class,none,0
766,202400779,LoadPropertiesTest.java,poltergeist,Class,none,0
767,202400780,RenameTest.java,poltergeist,Class,none,0
768,202400781,TaskdefTest.java,poltergeist,Class,none,0
769,202400782,TarRoundTripTest.java,poltergeist,Class,none,0
770,202400783,PathTest.java,poltergeist,Class,none,0
771,202400784,Jdk14RegexpRegexpTest.java,poltergeist,Class,none,0
772,202400785,FTPTest.java,poltergeist,Class,none,0
773,202400786,EmailAddressTest.java,poltergeist,Class,none,0
774,202400787,ResourceUtilsTest.java,poltergeist,Class,none,0
775,202400788,XMLCatalogTest.java,poltergeist,Class,none,0
776,202400789,CollectionUtilsTest.java,poltergeist,Class,none,0
777,202400790,PolyTest.java,poltergeist,Class,none,0
778,202400791,AddTypeTest.java,poltergeist,Class,none,0
779,202400792,BaseSelectorTest.java,poltergeist,Class,none,0
780,202400793,RegexpMatcherTest.java,poltergeist,Class,none,0
781,202400794,JUnitClassLoaderTest.java,poltergeist,Class,none,1
782,202400795,JakartaRegexpRegexpTest.java,poltergeist,Class,none,0
783,202400796,MAuditParserTest.java,poltergeist,Class,none,0
784,202400797,FileSetTest.java,poltergeist,Class,none,1
785,202400798,JUnitTestRunnerTest.java,poltergeist,Class,none,0
786,202400799,UnPackageNameMapperTest.java,poltergeist,Class,none,0
787,202400800,TypeSelectorTest.java,poltergeist,Class,none,0
788,202400801,TranslateTest.java,poltergeist,Class,none,0
789,202400802,DateSelectorTest.java,poltergeist,Class,none,0
790,202400803,ExtraFieldUtilsTest.java,poltergeist,Class,none,0
791,202400804,JUnitReportTest.java,poltergeist,Class,none,0
792,202400805,EmailTaskTest.java,poltergeist,Class,none,0
793,202400806,ClassFileSetTest.java,poltergeist,Class,none,0
794,202400807,DepthSelectorTest.java,poltergeist,Class,none,0
795,202400808,AbstractFileSetTest.java,poltergeist,Class,none,0
796,202400809,JakartaOroRegexpTest.java,poltergeist,Class,none,1
797,202400810,DirSetTest.java,poltergeist,Class,none,0
798,202400811,ScriptDefTest.java,poltergeist,Class,none,0
799,202400812,JakartaOroMatcherTest.java,poltergeist,Class,none,1
800,202400813,ModifiedSelectorTest.java,poltergeist,Class,none,0
801,202400814,PermissionsTest.java,poltergeist,Class,none,0
802,202400815,PresentSelectorTest.java,poltergeist,Class,none,0
803,202400816,FilenameSelectorTest.java,poltergeist,Class,none,0
804,202400817,FileListTest.java,poltergeist,Class,none,0
805,202400818,AssertionsTest.java,poltergeist,Class,none,0
806,202400819,GlobPatternMapperTest.java,poltergeist,Class,none,0
807,202400820,TarEntryTest.java,poltergeist,Class,none,1
808,202400821,JDependTest.java,poltergeist,Class,none,0
809,202400822,ContainsRegexpTest.java,poltergeist,Class,none,0
810,202400823,FilterSetTest.java,poltergeist,Class,none,0
811,202400824,DependTest.java,poltergeist,Class,none,0
812,202400825,LazyFileOutputStreamTest.java,poltergeist,Class,none,0
813,202400826,ZipEntryTest.java,poltergeist,Class,none,0
814,202400827,ClassFileTest.java,poltergeist,Class,none,0
815,202400828,ZipLongTest.java,poltergeist,Class,none,0
816,202400829,ClassPathLoaderTest.java,poltergeist,Class,none,1
817,202400830,ContainsSelectorTest.java,poltergeist,Class,none,0
818,202400831,ImageTest.java,poltergeist,Class,none,0
819,202400832,AsiExtraFieldTest.java,poltergeist,Class,none,0
820,202400833,A.java,poltergeist,Class,none,0
821,202400834,JAXPUtilsTest.java,poltergeist,Class,none,1
822,202400835,XMLReportTest.java,poltergeist,Class,none,0
823,202400836,DateUtilsTest.java,poltergeist,Class,none,0
824,202400837,MailMessageTest.java,poltergeist,Class,none,0
825,202400838,FacadeTaskHelperTest.java,poltergeist,Class,none,0
826,202400839,DOMElementWriterTest.java,poltergeist,Class,none,0
827,202400840,CommandlineTest.java,poltergeist,Class,none,0
828,202400841,MapperTest.java,poltergeist,Class,none,0
829,202400842,FileUtilsTest.java,poltergeist,Class,none,0
830,202400843,RedirectorElementTest.java,poltergeist,Class,none,0
831,202400844,ReferencesTest.java,poltergeist,Class,none,1
832,202400845,SizeSelectorTest.java,poltergeist,Class,none,0
833,202400846,JUnitVersionHelperTest.java,poltergeist,Class,none,0
834,202400847,LoaderUtilsTest.java,poltergeist,Class,none,1
835,202400848,DescriptionTest.java,poltergeist,Class,none,0
836,202400849,PatternSetTest.java,poltergeist,Class,none,0
837,202400850,EnumeratedAttributeTest.java,poltergeist,Class,none,0
838,202400851,FlexIntegerTest.java,poltergeist,Class,none,0
839,202400852,Jdk14RegexpMatcherTest.java,poltergeist,Class,none,0
840,202400853,RegexpTest.java,poltergeist,Class,none,0
841,202400854,CommandlineJavaTest.java,poltergeist,Class,none,0
842,202400855,StringUtilsTest.java,poltergeist,Class,none,0
843,202400856,ImplementationSpecificArgumentTest.java,poltergeist,Class,none,0
844,202400857,P4ChangeTest.java,poltergeist,Class,none,0
845,202400858,DependSelectorTest.java,poltergeist,Class,none,0
846,202400859,ZipFileSetTest.java,poltergeist,Class,none,0
847,202400860,SOSTest.java,poltergeist,Class,none,0
848,202400861,JavaEnvUtilsTest.java,poltergeist,Class,none,0
849,202400862,PackageNameMapperTest.java,poltergeist,Class,none,0
850,202400863,JakartaRegexpMatcherTest.java,poltergeist,Class,none,0
851,202400864,XMLCatalogBuildFileTest.java,poltergeist,Class,none,0
852,202400865,ThreadedOutput.java,poltergeist,Class,none,1
853,202400866,TaskdefTestSimpleTask.java,poltergeist,Class,none,0
854,202400867,Output.java,poltergeist,Class,none,1
855,202400869,TypedefTestType.java,poltergeist,Class,none,0
856,202400870,ZipShortTest.java,poltergeist,Class,none,0
